,TRACKING,UPC,ITEM,QTY,单价,,fee,,,
12/1,1ZV7855EYW42295387,884116275657,dell i3567-3657blk,1,,6,,,,
,1ZF6786X0310099713,,philip sonicare,3,,7.5,,,,
,1ZV7855EYW42289287,884116275657,dell i3567-3657blk,1,,6,,,,
,1ZY4V2960322271081,,lego 21309,1,,0.5,,,,
,1ZV7855E1342531896,,ps4 pro 1tb,1,,6,,,,
,,,ps4 destinry  dics,1,,0.5,,,,
,1ZV7855E1342510640,,ps4 pro 1tb,1,,6,,,,
,,,ps4 destinry  dics,1,,0.5,,,,
,1ZR166470310109444,,ps4 pro 1tb,1,,6,,,,
,,,ps4 destinry  dics,1,,0.5,,,,
,1ZV7855EYW42298302,884116275657,dell i3567-3657blk,1,,6,,,,
,1ZV7855EYW42292568,884116275657,dell i3567-3657blk,1,,6,,,,
,1ZV7855E1342511176,,ps4 destinry  dics,1,,0.5,,,,
,,,ps4 pro 1tb,1,,6,,,,
,1ZV7855EYW42296368,884116275657,dell i3567-3657blk,1,,6,,,,
,1ZV7855EYW42296573,884116275657,dell i3567-3657blk,1,,6,,,,
,1Z306FW70307504920,889899867884,hp 14-am052nr,1,,4,,,,
,1ZY4V3860303099053,,lego 21309,1,,0.5,,,,
,1ZA0F6504204295012,,swith fifa18,2,,1,,,,
,,,ps4 fifia18,8,,4,,,,
,,,xbxone fifa18,8,,4,,,,
,,,ps4 madden,8,,4,,,,
,,,xboxoen madden,8,,4,,,,
,,,xboxone over watch,8,,4,,,,
,,,ps4 over watch,8,,4,,,,
,,,swith mario rabbis,2,,1,,,,
,1ZA0F6504203916558,,ps4 fifia18,8,,4,,,,
,,,ps4 madden,4,,2,,,,
,1ZV7855EYW42298419,884116275657,dell i3567-3657blk,1,,6,,,,
,1Z4E09430344888631,,harmony,3,,5,,,,
,,,ps4 the last of us,3,,0.75,,,,
,,,ps4 1tb,1,,3,,,,
,1ZY10F060319829617,amazon new,xbxone 1tb blk,1,,,,,,
,1ZV7855EYW42293325,884116275657,dell i3567-3657blk,1,,6,,,,
,1Z86V8030389267735,884116275664,dell i3567-5664blk,1,,6,,,,
,1ZV7855EYW42297321,884116275657,dell i3567-3657blk,1,,6,,,,
,1ZV7855EYW42333095,884116275657,dell i3567-3657blk,1,,6,,,,
,1Z2FX8990309664644,85896723271,kensington slimblade,2,,2.5,,,,
,1ZA0F6504204235130,,swith fifa18,2,,1,,,,
,,,ps4 fifia18,8,,4,,,,
,,,xbxone fifa18,8,,4,,,,
,,,ps4 madden,8,,4,,,,
,,,xboxoen madden,8,,4,,,,
,,,xboxone over watch,8,,4,,,,
,,,ps4 over watch,8,,4,,,,
,,,swith mario rabbis,2,,1,,,,
,1ZR32602YW10103017,,g403,1,,1,,,,
,,,g402,1,,0.5,,,,
,,,g600,1,,0.5,,,,
,1zf2r0830310152426,,g403,1,,1,,o14633373691,28,FIFA 18 XBOX ONE
,,,g402,1,,0.5,,887256028305,6,MARIO RABBIDS SWITCH
,,,g600,1,,0.5,,o14633738889,24,NFL 18 PS4
,1ZR30A12YW10095884,,g403,1,,1,,o14633738940,24,FIFA 18 PS4
,,,g402,1,,0.5,,o14633738230,8,FIFA 18 SWITCH
,,,g600,1,,0.5,,o14633373646,22,NFL 18 XBOX ONE
,1ZF7857VYW10104642,,g402,1,,0.5,,711719051794,3,LAST OF US PS4
,,,g600,1,,0.5,,o47875881303,16,OVERWATCH XBOX ONE
,1ZA0F6504204242882,,ps4 over watch,8,,4,,o47875881273,34,OVERWATCH PS4
,,,swith mario rabbis,2,,1,,o47875881174,6,DESTINY 2 PS4
,4201970192055901795905816530352432,,g600,1,,0.5,,883929598496,2,LEGO MARVAL DELUXE XBOX ONE
,1ZA0F6504204083625,,xbxone fifa18,12,,6,,o47875880948,2,DESTINY 2 PS4
,1ZA0F6500303929144,,ps4 madden,4,,2,,o47875880986,3,DESTINY 2 XBOX ONE
,,,xbxone madden,6,,3,,,,
,1Z2FX8990309664751,85896723271,kensington slimblade,2,,2.5,,,,
,9622080430000046711500788603923237,,swith fifa18,2,,1,,,,
,9622080430008473009300788641044790,,swith puyopuyo,2,wrong dics,1,,,,
,9622080430000048823800788605746577,,swith fifa18,2,,1,,,,
,9622080430008142243300409585728128,,philip sonicare,3,,7.5,,,,
,9622001900003441762300741514387834,889842161236,xbox wirless control,3,,3,,,,
,9622001900003441762300741514389208,889842161236,xbox wirless control,3,,3,,,,
,9622001900003441762300741514388175,889842161236,xbox wirless control,3,,3,,,,
,1ZRA1573YW10107331,,g600,1,,0.5,,,,
,,,g402,1,,0.5,,,,
,420197019374889681090275830148,,xbxone disney2 dics,1,,0.5,,,,
,420197019374889681090276095041,,xbxone disney2 dics,1,,0.5,,,,
,,,ps4 disney2 dics,1,,0.5,,,,
,420197019374889681090276208427,,xbxone disney2 dics,1,,0.5,,,,
,,,ps4 disney2 dics,1,,0.5,,,,
,9200199799656026552765,,g403,1,,1,,,,
,420197019200190175136226561468,,g403,1,,1,,,,
,4201970192001901795907809610338544,,g402,1,,0.5,,,,
od,88433459010008,,ptd210,2,,0.5,,,,
,,,m325,3,,0.75,,,,
,88418779010008,,ptd210,2,,1,,,,
,,,m325,3,,1.5,,,,
,420197019405511898666806947097,,swith lego city,2,,1,,,,
12/2,1ZV7855E1342484312,,ps4 pro 1tb,1,,6,,,,
,,,ps4 destinry  dics,1,,0.5,,,,
,1ZV7855E1342504522,,ps4 pro 1tb,1,,6,,,,
,,,ps4 destinry  dics,1,,0.5,,,,
,1ZWF25470389518201,,philip sonicare,3,,7.5,,,,
,1ZRA0255YW10106337,191545395437,lenovo 110-15acl,1,,2.5,,,,
,1ZF57Y730310107346,,g403,1,,1,,,,
,,,g402,1,,0.5,,,,
,,,g600,1,,0.5,,,,
,1ZWF25470389518470,,philip sonicare,3,,7.5,,,,
,1ZA0F6504203981979,,ps4 over watch,10,,5,,,,
,1ZY82F360340484745,,philip sonicare,2,,5,,,,
,1zy756y60335249132,,philip sonicare,12,,30,,,,
,,,,,,,,,,
12/4,9612800985222676688647,887256028374,swith rayman,12,,6,,,,
,9612804985222676447626,887256028428,ps4 assassins,2,,1,,,,
,420197019405511898666803483482,14633738230,swith fifa18,2,,1,,,,
,420197019405511898666865076288,883929597819,swith superlego,1,,0.5,,,,
,9200199799646026591468,,g403,1,,1,,,,
,420197019361289681090315933383,,m705,10,,10,,,,
,420197019361289681090315789911,,m705,10,,10,,,,
,420197019361289681090315923483,,m705,10,,10,,,,
,420197019361289681090315735239,,m705,10,,10,,,,
,420197019361289681090315867640,,m705,10,,10,,,,
,420197019361289681090316374000,,m705,10,,10,,,,
,,,nitendo pikmin,3,,1.5,,,,
,420197019361289681090316315522,,m705,10,,10,,,,
,,,nitendo pikmin,3,,1.5,,,,
,420197019374889681090278124206,,nitendo pikmin,3,,1.5,,,,
,1Z4E1Y540257628123,,dyson,1,,5,,,,
,1Z4E1Y540256752526,,dyson,1,,5,,,,
,1ZY756Y60335320125,,philip sonicare,12,,30,,,,
,1ZW490240356321339,884116275657,dell i3567-3657blk,1,,6,,,,
,1Z152R4R0310076573,,g402,1,,0.5,,,,
,,,g403,1,,1,,,,
,,,g600,1,,0.5,,,,
,1ZR268910310077846,,g402,1,,0.5,,,,
,,,g600,1,,0.5,,,,
,1ZE291E60311535006,,ring doorbell,2,,5,,,,
,1ZY82F360340724057,,philip sonicare,1,,2.5,,,,
,1ZF95R410300612420,,philip sonicare,7,,17.5,,,,
,1ZW494600359863656,884116275657,dell i3567-3657blk,2,,12,,,,
,1ZV7855EYW42457701,884116275657,dell i3567-3657blk,1,,6,,,,
,1Z9R42W30312657047,190781939788,hp b051od,1,move 825 仓库,,,,,
,1Z86V8030389486507,884116275664,dell i3567-5664blk,1,,6,,,,
,1ZY82F360340935196,,philip sonicare,3,,7.5,,,,
,1ZA0T5860372857336,,estee lauder ,1,,2,,,,
,9622080430000048839600788604176566,,swith fifa18,2,,1,,,,
,9612804985222676669028,887256028428,ps4 assassins,2,,1,,,,
,31970142310000034112789563622013,,neimus marcus,1,,5,,,,
,1Z3Y09F10315776317,amazon open,dell xps8920 blk,1,,,,,,
12/5,420197019405511898666862060976,,swith legocity,2,,1,,,,
,420197019200199799633827910291,,g402,1,,0.5,,,,
,1ZV7855EYW41523837,191545395437,lenovo 110-15acl,1,,2.5,,,,
,1ZEA54610387669844,amazon open ,ptd600,1,,,,,,
,9622080430007593304900417262185951,45496782023,3dsxl,1,,4,,,,
,1ZW49460YW59257607,884116275657,dell i3567-3657blk,1,,6,,,,
,1Z305Y341200948214,,lego 10232,1,,0.5,,,,
,1Z305Y330202504237,,lego 10232,1,,0.5,,,,
,1Z305Y330202507083,,lego 10232,1,,0.5,,,,
,1z305y330202509447,,lego 10232,1,,0.5,,,,
,1Z86V8030391053783,884116275657,dell i3567-3657blk,1,,6,,,,
,1Z091E410352460977,amazon new,xbxone 1tb blk,1,,,,,,
,1ZA0F6500304515704,,ps4 overwatch,2,,1,,,,
,,,xbxone overwatch,1,,0.5,,,,
,1Z4E16281263271518,,swith mario,1,,6,,,,
,1ZF95R410300640426,,philip sonicare,8,,20,,,,
,1ZY82F360341507745,,philip sonicare,4,,10,,,,
,1Z091E410352463367,amazon new,xbxone 1tb blk,2,,,,,,
,1Z86V8030390970730,884116275657,dell i3567-3657blk,1,,6,,,,
,1Z86V8030390779804,884116275657,dell i3567-3657blk,1,,6,,,,
,1ZA0F6504204511920,,ps4 fifa,12,,6,,,,
,,,xboxone fifa,12,,6,,,,
,1Z306FW70307567265,889899867884,hp 14am052nr,1,,4,,,,
,1Z306FW70307567318,889899867884,hp 14am052nr,1,,4,,,,
,1Z306FW70307567407,889899867884,hp 14am052nr,1,,4,,,,
,1Z306FW70307567158,889899867884,hp 14am052nr,1,,4,,,,
,1Z306FW70307567256,889899867884,hp 14am052nr,1,,4,,,,
,1Z306FW70307567327,889899867884,hp 14am052nr,1,,4,,,,
,1Z86V8030390756856,884116275657,dell i3567-3657blk,1,,6,,,,
,1Z86V8030391053934,884116275657,dell i3567-3657blk,1,,6,,,,
,1ZW494600359858831,884116275657,dell i3567-3657blk,2,,12,,,,
,1Z2929AE0321799468,amazon open,lg 29um5a,1,,,,,,
,1ZY82F360341446614,,philip sonicare,6,,15,,,,
,1ZW227170327789605,,ps4 pro 1tb battlefront,1,,6,,,,
,420197019374889681090278291236,,nitendo pikmin,2,,1,,,,
,420197019405511898666865890013,,swith fifa18,2,,1,,,,
,420197019405511898666865658842,,swith superlego,1,,0.5,,,,
,420197019405511898666865651140,,swith superlego,1,,0.5,,,,
,1001910530610001970100720610649153,,swith mario,1,,6,,,,
,31970142510000036583226079882017,,swith superlego,2,,1,,,,
,31970142510000036583226080242013,,swith superlego,4,,2,,,,
,31970142510000036583226080132019,,swith superlego,4,,2,,,,
,420197019361289681090317939970,,ps4 pro 1tb battlefront,1,,6,,,,
12/6,yuhua,,razar mouse,101,,101,,,,
,1ZW49024YW56427585,884116275657,dell i3567-3657blk,1,,6,,,,
,1Z306FW70307653064,889899867884,hp 14am052nr,1,,4,,,,
,1Z306FW70307567167,889899867884,hp 14am052nr,1,,4,,,,
,1ZV7855E0343313791,884116275657,dell i3567-3657blk,1,,6,,,,
,1Z0W37Y80300596820,,m705,10,,10,,,,
,,,swith monopoly,3,,1.5,,,,
,,,3ds pikmin,3,,1.5,,,,
,1ZA0F6504204951259,,ps4 overwatch,12,,6,,,,
,,,swith fifa18,2,,1,,,,
,1ZY82F360341506568,,philip sonicare,3,,7.5,,,,
,1ZA0F6500304871445,02FR0001605737,xbxone controll,3,,3,,,,
,1Z4E09430247136985,,swith mario,2,,12,,,,
,1Z306FW70307567390,889899867884,hp 14am052nr,1,,4,,,,
,1ZA0F6504204780872,,ps4 pro 1tb battlefront,1,,6,,,,
,1ZA0F6504204782058,,ps4 pro 1tb battlefront,1,,6,,,,
,1ZA0F6504204781184,,ps4 pro 1tb battlefront,1,,6,,,,
,1ZV7855E0343813072,884116275657,dell i3567-3657blk,2,,6,,,,
,1ZA0F6504204782245,,ps4 pro 1tb battlefront,1,,6,,,,
,9611019383263205328311,,ps4 vr bundle,1,,6,,,,
,1Z306FW70307653073,889899867884,hp 14am052nr,1,,4,,,,
,9622080430005901658200419903081923,,philip sonicare,1,,2.5,,,,
,1ZA0F6504205049330,,ps4 pro 1tb battlefront,1,,6,,,,
,1ZE194320300714661,,macys morden set,1,,1.5,,,,
,1Z0W37Y80300580300,,swith monopoly,3,,1.5,,,,
,1Z0W37Y80300581381,,swith monopoly,2,,1,,,,
,1Z0W37Y80300573256,,swith monopoly,3,,1.5,,,,
,1Z0W37Y80300581827,,swith monopoly,3,,1.5,,,,
,1Z0W37Y80300571892,,swith monopoly,3,,1.5,,,,
,31970143510000036583226210542018,,swith superlego,1,,0.5,,,,
,1001921330630001970100417262122800,,3dsxl,1,,4,,,,
,1001910530760001970100720610705683,,swith mario,1,,6,,,,
,420197019405511898666862925039,,swith superlego,2,,1,,,,
,420197019405511898666862069252,,swith superlego,1,,0.5,,,,
,420197019405511898666869004768,,swith superlego,2,,1,,,,
12/7,1Z091E410352832762,amazon new,hp 270-p014,1,,,,,,
,1Z2FW1330348266834,amazon new,hp 270-p014,2,,,,,,
,1ZA0F6504205271616,,ps4 pro 1tb battlefront,1,,6,,,,
,1ZA0F6504205161913,,ps4 nioh,12,,6,,,,
,1ZA0F6500305264117,,3ds pikmin,8,,4,,,,
,1ZA0F6500305208428,,wiiu super samsh,3,,1.5,,,,
,1ZA0F6500305264144,,3ds pikmin,12,,6,,,,
,1ZA0F6500305208571,,wiiu super samsh,3,,1.5,,,,
,1Z377WE60265993126,,swith mario,1,,0.5,,,,
,9622080430000058306600788700758825,,deluxe super lego,2,,1,,,,
,1ZA0F6500305209007,,wiiu super samsh,3,,1.5,,,,
,1ZA0F6500305264206,,3ds pikmin,12,,6,,,,
,1ZA0F6500305208580,,wiiu super samsh,3,,1.5,,,,
,9622080430008472842800788559822455,,deluxe super lego,2,,1,,,,
,9622080430004187117400420128295324,,philip sonicare,3,,1.5,,,,
,1Z9752E70201527211,,swith mario,2,,12,,,,
,1Z86V8030389228607,,dell i3567-5664blk,1,,6,,,,
,1ZWF25470389117082,191545395437,lenovo 110-15acl,1,,2.5,,,,
,1Z091E410352820408,amazon new,hp 270-p014,1,,,,,,
,1ZA0F6500305206055,889842161236,xbxone controll,3,,3,,,,
,1Z2929AE0321822799,amazon open,29um59a,1,屏幕坏了,,,,,
,420197019405511898666869038923,,swith superlego,2,,1,,,,
,420197019405511898666869141432,,swith superlego,2,,1,,,,
,420197019405511898666869178926,,swith superlego,1,,0.5,,,,
,,,,,,,,,,
12/8,1ZW490240357014802,,dell i3567-3657,2,,12,,,,
,1ZW470W10358246011,,m706,6,,6,,,,
,1ZA0F6504205365248,,ps4 overwatch,8,,4,,,,
,,,xbxone overwatch,8,,4,,,,
,,,swith fifa,2,,1,,,,
,,,ps4 madden,8,,4,,,,
,420197019405511898666864826693,,swith superlego,1,,0.5,,,,
,1Z30Y8234256828413,,d850 nikon,1,,6,,,,
,1Z3Y09F10315837617,amzon new,dell xps 8920 blk,1,,,,,,
,,,,,,,,,,
12/9,1z787y880385314065,amazon new,lancehad mouse,1,,,,,,
,420197019405511898666869676088,,swith super lego,2,,1,,,,
,94055118898666864730563,,swith deluxe super lego,1,,0.5,,,,
,9611913957909570679885,,shishedo,1,,2,,,,
,1Z30Y8230357099407,amazon new,m705,5,,,,,,
,420197019405511898666869770960,,swith super lego,2,,1,,,,
,1Z86V8030390757104,,dell i3567-3657,1,,6,,,,
,420197019405503699300143007682,new return,philip sonicare,1,,,,,,
,1Z377R950328781127,amazon new,xbxone 1tb blk,1,,,,,,
,1ZW85R210357146361,amazon new,dell 2817q,1,,,,,,
,1ZW85R210357146218,amazon new,dell 2817q,1,,,,,,
,1ZW85R210357146432,amazon new,dell 2817q,1,,,,,,
,9622080430000046771100788783681996,,swith super lego,1,,0.5,,,,
12/11,420197019405511898666864711760,,swith super lego deluxe,1,,0.5,,,,
,420197019405511898666869490196,,swith super lego,2,,1,,,,
,420197019405511898666864842174,,swith super lego deluxe,1,,0.5,,,,
,1Z7F04A31304879589,,swith mario,1,,6,,,,
,1ZW227170327857406,,ps4 battlefron pro 1tb,2,,12,,,,
,1ZW227170327858094,,ps4 battlefron pro 1tb,2,,12,,,,
,1ZW227170327858147,,ps4 battlefron pro 1tb,2,,12,,,,
,1ZW227170327857577,,ps4 battlefron pro 1tb,2,,12,,,,
,1ZW227170327857433,,ps4 battlefron pro 1tb,2,,12,,,,
,1ZW227174227848316,,ps4 battlefron pro 1tb,1,,12,,,,
,1001901731240001970100788821243050,,swith fifa18,2,,1,,,,
,1Z787Y880385380083,amazon open ,ptd 600,1,,,,,,
,1Z9702YW0301276312,amazon new,lg 29um59,2,,,,,,
,9622080430008707407000788783978851,,swith deluxe super lego,2,,1,,,,
,9622080430008546430000788783749003,,swith deluxe super lego,1,,0.5,,,,
,9612019244862662810388,,ps4 battlefron pro 1tb,2,,12,,,,
,9612019244862662810371,,ps4 battlefron pro 1tb,3,,18,,,,
,1001901731240001970100725876773390,amazon new,hp 270 p014,1,,,,,,
12/12,420197019405511898666864930642,,swith super lego deluxe,1,,0.5,,,,
,420197019405511898666864575102,,swith super lego deluxe,1,,0.5,,,,
,420197019405511898666869166244,,swith super lego,2,,1,,,,
,420197019405511898666864376228,,swith super lego deluxe,1,,0.5,,,,
,1Z4E37X04204106714,,ps4 battlefron pro 1tb,2,,12,,,,
,1ZW0X1160323238784,,ps4 battlefron pro 1tb,1,,6,,,,
,1Z4E37X04204067534,,ps4 battlefron pro 1tb,2,,12,,,,
,1Z4E37X04204110825,,ps4 battlefron pro 1tb,2,,12,,,,
,1Z4E37X00304117660,,ps4 destiny white pro 1tb,1,,6,,,,
,1Z2929AE0321884875,amazon open,samung 7405um,1,,20,好了,,,
,1ZV7855E0344456108,,ps4 battlefron pro 1tb,1,,6,,,,
,1ZV7855E0344458017,,ps4 battlefron pro 1tb,1,,6,,,,
,1ZV7855E0344457312,,ps4 battlefron pro 1tb,1,,6,,,,
,1Z4E37X00304119775,,ps4 destiny white pro 1tb,1,,6,,,,
,1Z5R74F80304855780,,ps4 destiny white pro 1tb,3,,18,,,,
,1Z4E37X00304068777,,ps4 destiny white pro 1tb,1,,6,,,,
,1Z4E37X04204064779,,ps4 battlefron pro 1tb,2,,12,,,,
,1Z4E37X04204065796,,ps4 battlefron pro 1tb,2,,12,,,,
,1ZW227170327862347,,ps4 battlefron pro 1tb,2,,12,,,,
,1Z3Y09F10316185409,amazon new,lg 29um59,2,,,,,,
,1Z3Y09F10316178944,amazon new,lg 29um59,2,,,,,,
,1Z3Y09F10316163156,amazon new,lg 29um59,2,,,,,,
,1ZV7855E0344456760,,ps4 battlefron pro 1tb,1,,6,,,,
,1Z4E37X00304063932,,ps4 destiny white pro 1tb,1,,6,,,,
,1ZV7855E0344457527,,ps4 battlefron pro 1tb,1,,6,,,,
,1ZV7855E0344459329,,ps4 battlefron pro 1tb,1,,6,,,,
,1ZV7855E0344457723,,ps4 battlefron pro 1tb,1,,6,,,,
,1ZV7855E0344458357,,ps4 battlefron pro 1tb,1,,6,,,,
,1Z0W37Y80300713014,amazon new,m705,22,,,,,,
,1Z4E37X00304063192,,ps4 destiny white pro 1tb,1,,6,,,,
,420197019361289681090324969359,,ps4 battlefron pro 1tb,1,,6,,,,
,420197019361289681090324974827,,ps4 battlefron pro 1tb,1,,6,,,,
,9622080430000046848600788853772078,,swith lego city,2,,1,,,,
,1Z9768RW1300155247,,swith mario,1,,6,,,,
,9611804547345170098423,,ps4 vr,1,,6,,,,
,420197019405511898666868358312,,swith lego city,2,,1,,,,
,420197019405511898666868356646,,swith lego city,1,,0.5,,,,
,420197019405511898666868357919,,swith lego city,2,,1,,,,
,420197019405511898666868357087,,swith lego city,2,,1,,,,
,420197019405511898666868356813,,swith lego city,2,,1,,,,
,420197019405511898666868341246,,swith lego city,1,,0.5,,,,
,,,,,,,,,,
12/13,1ZY2F2120209800568,amazon new,m705,12,,,,,,
,1ZA0F6504205580792,889842161175,xboxone controller,12,,12,,,,
,1ZA0F6504205680960,,ps4 battlefron pro 1tb,1,,6,,,,
,1ZA0F6504205680899,,ps4 battlefron pro 1tb,1,,6,,,,
,1ZR15A180310142229,,ps4 vr gran turismo,1,,5,,,,
,,,ps4 battlefron pro 1tb,1,,6,,,,
,1ZF7E6930310169409,,ps4 battlefron pro 1tb,1,,6,,,,
,1ZA0F6504205681049,,ps4 battlefron pro 1tb,1,,6,,,,
,1ZV7855E0344572885,,ps4 battlefron pro 1tb,1,,6,,,,
,1Z5R74F80304931081,,ps4 destiny white pro 1tb,2,,12,,,,
,1Z5R74F80304898672,,ps4 destiny white pro 1tb,3,,18,,,,
,1ZF7E6930310169463,,ps4 battlefron pro 1tb,1,,6,,,,
,1Z5R74F80304855744,,ps4 destiny white pro 1tb,3,,18,,,,
,1ZV7855E0344589395,,ps4 battlefron pro 1tb,1,,6,,,,
,1Z5R74F80304855771,,ps4 destiny white pro 1tb,3,,18,,,,
,1ZF7238X0310163484,,ps4 battlefron pro 1tb,1,,6,,,,
,,,ps4 vr gran turismo,1,,5,,,,
,1ZF7238X0310163500,,ps4 battlefron pro 1tb,1,,6,,,,
,,,ps4 vr gran turismo,1,,5,,,,
,1ZV7855E0344570645,,ps4 battlefron pro 1tb,1,,6,,,,
,1ZF7238X0310163466,,ps4 vr gran turismo,1,,5,,,,
,,,ps4 battlefron pro 1tb,1,,6,,,,
,1ZR15A180310142247,,ps4 vr gran turismo,1,,5,,,,
,,,ps4 battlefron pro 1tb,1,,6,,,,
,1Z5R74F80304855753,,ps4 destiny white pro 1tb,3,,18,,,,
,1Z5R74F80304855762,,ps4 destiny white pro 1tb,3,,18,,,,
,1Z5R74F80304898663,,ps4 destiny white pro 1tb,3,,18,,,,
,1ZV7855E0344572821,,ps4 battlefron pro 1tb,1,,6,,,,
,1ZV7855E0344572090,,ps4 battlefron pro 1tb,1,,6,,,,
,1ZR1A5240310472902,,ps4 vr gran turismo,1,,5,,,,
,,,ps4 battlefron pro 1tb,1,,6,,,,
,,,ps4 skyrim,1,,6,,,,
,,,xboxone skyrim,1,,0.5,,,,
,1zr1361x0310187020,,ps4 vr gran turismo,1,,5,,,,
,,,ps4 battlefron pro 1tb,1,,6,,,,
,,,ps4 skyrim,3,,1.5,,,,
,,,xboxone skyrim,3,,1.5,,,,
,1ZR15A180310142265,,ps4 vr gran turismo,1,,5,,,,
,,,ps4 battlefron pro 1tb,1,,6,,,,
,9622080430000058106300788880317824,,swith lego city,2,,1,,,,
,9622080430000058106300788880326943,,swith lego city,2,,1,,,,
,9622080430000582920900788853180231,,swith lego city,1,,0.5,,,,
,1Z30Y8230357511362,amzon new,hp 270-p014,1,,,,,,
,1ZV7855E0344584158,,ps4 battlefron pro 1tb,1,,6,,,,
,1ZA0F6504205582049,889842161175,xboxone controller,12,,12,,,,
,1ZV7855E0344457689,,ps4 battlefron pro 1tb,1,,6,,,,
,1ZA0F6504205596294,889842161175,xboxone controller,12,,12,,,,
,1ZA0F6504205611829,889842161175,xboxone controller,12,,12,,,,
,1ZA0F6504205596043,889842161175,xboxone controller,12,,12,,,,
,9612019666187492941087,,ps4 destiny white pro 1tb,1,,6,,,,
,9612019244862662862479,,ps4 destiny white pro 1tb,1,,6,,,,
,9612019244862662862431,,ps4 destiny white pro 1tb,2,,12,,,,
,9612019244862662864763,,ps4 battlefron pro 1tb,2,,12,,,,
,9612019244862662861854,,ps4 destiny white pro 1tb,2,,12,,,,
,9612019244862662862400,,ps4 battlefron pro 1tb,3,,18,,,,
,9612019244862662862462,,ps4 destiny white pro 1tb,2,,12,,,,
,9612019666187492941025,,ps4 destiny white pro 1tb,2,,12,,,,
,9612019244862662861960,,ps4 destiny white pro 1tb,2,,12,,,,
,1ZW0R1040226265957,,ps4 vr gran turismo,1,,5,,,,
,1ZW0R1040226265537,,ps4 vr gran turismo,1,,5,,,,
,1ZW0R1040226268089,,ps4 vr gran turismo,1,,5,,,,
,1ZV7855E0344631730,,ps4 battlefron pro 1tb,1,,6,,,,
,9612019666187492941032,,ps4 destiny white pro 1tb,2,,12,,,,
,9612019666187492956760,,ps4 destiny white pro 1tb,2,,12,,,,
,1ZF4W2860310124298,,ps4 vr gran turismo,1,,5,,,,
,,,ps4 battlefron pro 1tb,1,,6,,,,
,,,ps4 skyrim,3,,15,,,,
,,,xboxone skyrim,3,,1.5,,,,
,9612019244862662864640,,ps4 battlefron pro 1tb,3,,18,,,,
,1ZF7E6930310169392,,ps4 vr gran turismo,1,,5,,,,
,,,ps4 skyrim,1,,0.5,,,,
,,,xboxone skyrim,1,,0.5,,,,
,1ZV7855E0344573713,,ps4 battlefron pro 1tb,1,,6,,,,
,1001901731670001970100406088976647,,ps4 destiny white pro 1tb,3,,18,,,,
,9612019244862662864787,,ps4 battlefron pro 1tb,3,,18,,,,
,1001901731670001970100406088976625,,ps4 battlefron pro 1tb,2,,12,,,,
,1001901731670001970100406088971575,,ps4 destiny white pro 1tb,1,,6,,,,
,1001901731670001970100406088873807,,ps4 destiny white pro 1tb,3,,18,,,,
,1001901731670001970100406088983042,,ps4 battlefron pro 1tb,2,,12,,,,
,1001901731670001970100406088873781,,ps4 destiny white pro 1tb,2,,12,,,,
,,,dash cam pro,1,,,,,,
,1001901731670001970100406088873818,,ps4 battlefron pro 1tb,2,,12,,,,
,1001901731670001970100406088971531,,ps4 destiny white pro 1tb,2,,12,,,,
,1001901731670001970100406088873840,,ps4 battlefron pro 1tb,3,,18,,,,
,9612019666187492956739,,ps4 destiny white pro 1tb,3,,18,,,,
,9612015244862662861915,,ps4 battlefron pro 1tb,3,,18,,,,
,9612019244862662864657,,ps4 battlefron pro 1tb,2,,12,,,,
,9612015244862662861892,,ps4 battlefron pro 1tb,3,,18,,,,
,1001901731670001970100406088971564,,ps4 destiny white pro 1tb,2,,12,,,,
,9612019244862662862424,,ps4 battlefron pro 1tb,2,,12,,,,
,1ZV7855E0344574203,,ps4 battlefron pro 1tb,1,,6,,,,
,1Z30033A9025194475,amazon return,lego 21312,1,,,,,,
,1ZY5532R0301660561,amzon new,hp 270-p014,1,,,,,,
,420197019405511898666868268123,,swith legocity,2,,1,,,,
,420197019405511898666868882121,,swith legocity,2,,1,,,,
,420197019405511898666868290322,,swith legocity,2,,1,,,,
,420197019405511898666868292678,,swith legocity,2,,1,,,,
,420197019405511898666868268871,,swith legocity,2,,1,,,,
,420197019405511898666868294948,,swith legocity,2,,1,,,,
,420197019405511898666868733393,,swith legocity,2,,1,,,,
,420197019405511898666868261599,,swith legocity,2,,1,,,,
,420197019405511898666868352884,,swith legocity,2,,1,,,,
,420197019405511898666868885405,,swith legocity,2,,1,,,,
,420197019405511898666868886259,,swith legocity,2,,1,,,,
,420197019405511898666868886075,,swith legocity,2,,1,,,,
,420197019405511898666868886105,,swith legocity,2,,1,,,,
,420197019405511898666868886839,,swith legocity,2,,1,,,,
,420197019405511898666868239918,,swith legocity,2,,1,,,,
,420197019405511898666868293088,,swith legocity,2,,1,,,,
,420197019405511898666868321149,,swith legocity,2,,1,,,,
,420197019405511898666868327714,,swith legocity,2,,1,,,,
,420197019405511898666868536154,,swith legocity,2,,1,,,,
,420197019405511898666868530008,,swith legocity,2,,1,,,,
,420197019405511898666868289395,,swith legocity,2,,1,,,,
,420197019405511898666868327684,,swith legocity,2,,1,,,,
,420197019405511898666868886655,,swith legocity,2,,1,,,,
,420197019405511898666868267249,,swith legocity,2,,1,,,,
,420197019405511898666868267102,,swith legocity,2,,1,,,,
,420197019405511898666868295686,,swith legocity,2,,1,,,,
,420197019405511898666868887119,,swith legocity,2,,1,,,,
,420197019405511898666869108213,,swith suoerhero,2,,1,,,,
,420197019405511898666868733614,,swith legocity,2,,1,,,,
,420197019405511898666868882244,,swith legocity,2,,1,,,,
,420197019405511898666868882718,,swith legocity,2,,1,,,,
,420197019405511898666868260868,,swith legocity,2,,1,,,,
,420197019405511898666868733270,,swith legocity,2,,1,,,,
,420197019405511898666868885528,,swith legocity,2,,1,,,,
,420197019405511898666868394563,,swith legocity,2,,1,,,,
,420197019405511898666868352631,,swith legocity,2,,1,,,,
,420197019405511898666868289708,,swith legocity,2,,1,,,,
,420197019405511898666868317944,,swith legocity,2,,1,,,,
,420197019405511898666868321255,,swith legocity,2,,1,,,,
,420197019405511898666868359296,,swith legocity,2,,1,,,,
,420197019405511898666868739487,,swith legocity,2,,1,,,,
,420197019405511898666868355434,,swith legocity,2,,1,,,,
,420197019405511898666868317593,,swith legocity,2,,1,,,,
,420197019405511898666868887959,,swith legocity,2,,1,,,,
,420197019405511898666868328544,,swith legocity,2,,1,,,,
,420197019405511898666868321033,,swith legocity,2,,1,,,,
,420197019405511898666868882619,,swith legocity,2,,1,,,,
,420197019405511898666868887041,,swith legocity,2,,1,,,,
,420197019405511898666868808640,,swith legocity,2,,1,,,,
,420197019405511898666868395904,,swith legocity,2,,1,,,,
,420197019405511898666868215318,,swith legocity,2,,1,,,,
,420197019405511898666868544845,,swith legocity,2,,1,,,,
,420197019405511898666868713401,,swith legocity,2,,1,,,,
,420197019405511898666868747338,,swith legocity,2,,1,,,,
,420197019405511898666868734918,,swith legocity,2,,1,,,,
,420197019405511898666868746874,,swith legocity,2,,1,,,,
,420197019405511898666868711094,,swith legocity,2,,1,,,,
,420197019405511898666868719519,,swith legocity,2,,1,,,,
,420197019405511898666868747895,,swith legocity,2,,1,,,,
,420197019405511898666868276586,,swith legocity,2,,1,,,,
,420197019405511898666868233671,,swith legocity,2,,1,,,,
,420197019405511898666868718772,,swith legocity,1,,0.5,,,,
,420197019405511898666868509929,,swith legocity,2,,1,,,,
,420197019405511898666868741275,,swith legocity,2,,1,,,,
12/14,1ZF5709VYW10136049,,ps4 skyrim,3,,1.5,,,,
,,,xbxone skyrim,3,,1.5,,,,
,1ZV7855E0344884851,,ps4 skyrim,3,,1.5,,,,
,,,xbxone skyrim,3,,1.5,,,,
,1ZR136R6YW10186783,,ps4 skyrim,3,,1.5,,,,
,,,xbxone skyrim,3,,1.5,,,,
,1Z5R74F70300659984,,ps4 destiny white pro 1tb,1,,6,,,,
,1Z5R74F70300660614,,ps4 destiny white pro 1tb,1,,6,,,,
,1Z5R74F70300652892,,ps4 destiny white pro 1tb,1,,6,,,,
,1Z5R74F70300660730,,ps4 destiny white pro 1tb,1,,6,,,,
,1Z5R74F70300664978,,ps4 destiny white pro 1tb,1,,6,,,,
,1Z5R74F70300660892,,ps4 destiny white pro 1tb,1,,6,,,,
,1Z5R74F70300657235,,ps4 destiny white pro 1tb,1,,6,,,,
,1Z5R74F70300665119,,ps4 destiny white pro 1tb,1,,6,,,,
,1Z5R74F70300657360,,ps4 destiny white pro 1tb,1,,6,,,,
,1Z5R74F70300659886,,ps4 destiny white pro 1tb,1,,6,,,,
,1Z5R74F70300665084,,ps4 destiny white pro 1tb,1,,6,,,,
,1Z5R74F70300660105,,ps4 destiny white pro 1tb,1,,6,,,,
,1Z5R74F70300660598,,ps4 destiny white pro 1tb,1,,6,,,,
,1Z5R74F70300660061,,ps4 destiny white pro 1tb,1,,6,,,,
,1Z5R74F70300664807,,ps4 destiny white pro 1tb,1,,6,,,,
,1Z5R74F70300660089,,ps4 destiny white pro 1tb,1,,6,,,,
,1Z5R74F70300659895,,ps4 destiny white pro 1tb,1,,6,,,,
,1Z5R74F70300652883,,ps4 destiny white pro 1tb,1,,6,,,,
,1Z5R74F70300664852,,ps4 destiny white pro 1tb,1,,6,,,,
,1Z5R74F70300664969,,ps4 destiny white pro 1tb,1,,6,,,,
,1Z5R74F70300657208,,ps4 destiny white pro 1tb,1,,6,,,,
,1Z5R74F70300660098,,ps4 destiny white pro 1tb,1,,6,,,,
,1Z5R74F70300660114,,ps4 destiny white pro 1tb,1,,6,,,,
,1Z5R74F70300660025,,ps4 destiny white pro 1tb,1,,6,,,,
,1Z5R74F70300660776,,ps4 destiny white pro 1tb,1,,6,,,,
,1Z5R74F70300660034,,ps4 destiny white pro 1tb,1,,6,,,,
,1Z5R74F70300657271,,ps4 destiny white pro 1tb,1,,6,,,,
,1Z5R74F70300664996,,ps4 destiny white pro 1tb,1,,6,,,,
,1Z5R74F70300659902,,ps4 destiny white pro 1tb,1,,6,,,,
,1Z5R74F70300664861,,ps4 destiny white pro 1tb,1,,6,,,,
,1Z5R74F70300660785,,ps4 destiny white pro 1tb,1,,6,,,,
,1Z5R74F70300664889,,ps4 destiny white pro 1tb,1,,6,,,,
,1Z5R74F70300664843,,ps4 destiny white pro 1tb,1,,6,,,,
,1Z5R74F70300665128,,ps4 destiny white pro 1tb,1,,6,,,,
,1Z5R74F70300660043,,ps4 destiny white pro 1tb,1,,6,,,,
,1Z5R74F70300660070,,ps4 destiny white pro 1tb,1,,6,,,,
,1Z5R74F70300659993,,ps4 destiny white pro 1tb,1,,6,,,,
,1Z5R74F70300660123,,ps4 destiny white pro 1tb,1,,6,,,,
,1001901731820001970100406088976670,,ps4 destiny white pro 1tb,2,,12,,,,
,1001901731820001970100406088983086,,ps4 destiny white pro 1tb,2,,12,,,,
,1001901731820001970100406088983101,,ps4 destiny white pro 1tb,3,,18,,,,
,1001901731820001970100406088976614,,ps4 battlefron pro 1tb,3,,18,,,,
,1001901731820001970100406088983075,,ps4 battlefron pro 1tb,3,,18,,,,
,1ZF6335R0310123237,,ps4 vr gran turismo,1,,5,,,,
,1Z9702YW0301380708,,ps4 vr bundle,1,,5,,,,
,1ZV7855E0344843538,,ps4 pro 1tb battlefront,1,,6,,,,
,1Z9702YW0301374886,,ps4 pro 1tb battlefront,1,,6,,,,
,1ZY5532R0301760337,amazon new,m705,14,,,,,,
,1zf8030xyw10130358,,ps4 vr gran turismo,1,,5,,,,
,1ZWF25470391559538,,ps4 pro 1tb battlefront,1,,6,,,,
,1ZWF25470391561374,,ps4 pro 1tb battlefront,1,,6,,,,
,1ZF6335R0310123264,,ps4 vr gran turismo,1,,5,,,,
,,,ps4 pro 1tb battlefront,1,,6,,,,
,,,xbxone skyrim,3,,1.5,,,,
,1ZF664V50310156322,,ps4 pro 1tb battlefront,1,,6,,,,
,1ZR343310310123283,,ps4 vr gran turismo,1,,5,,,,
,,,ps4 pro 1tb battlefront,1,,6,,,,
,,,ps4 skyrim,3,,1.5,,,,
,,,xbxone skyrim,3,,1.5,,,,
,1ZV7855E0344808488,,ps4 pro 1tb battlefront,1,,6,,,,
,1ZV7855E0344830560,,ps4 vr gran turismo,1,,5,,,,
,1ZF72Y04YW10179375,,ps4 skyrim,3,,1.5,,,,
,,,xbxone skyrim,3,,1.5,,,,
,1zf8030x0310130365,,ps4 pro 1tb battlefront,1,,6,,,,
,,,ps4 skyrim,3,,1.5,,,,
,,,xbxone skyrim,3,,1.5,,,,
,1ZR1269X0310119516,,ps4 pro 1tb battlefront,1,,6,,,,
,,,ps4 vr gran turismo,1,,5,,,,
,,,ps4 skyrim,3,,1.5,,,,
,,,xbxone skyrim,3,,1.5,,,,
,1ZV7855E0344652735,,ps4 pro 1tb battlefront,1,,6,,,,
,1ZF51Y630310115825,,ps4 pro 1tb battlefront,1,,6,,,,
,,,ps4 vr gran turismo,1,,5,,,,
,,,ps4 skyrim,3,,1.5,,,,
,,,xbxone skyrim,3,,1.5,,,,
,1ZF7238X0310163475,,ps4 pro 1tb battlefront,1,,6,,,,
,,,ps4 vr gran turismo,1,,5,,,,
,1ZF7Y9420310121013,,ps4 pro 1tb battlefront,1,,6,,,,
,,,ps4 vr gran turismo,1,,5,,,,
,,,ps4 skyrim,3,,1.5,,,,
,,,xbxone skyrim,3,,1.5,,,,
,1ZF4Y324YW10133437,,ps4 skyrim,3,,1.5,,,,
,,,xbxone skyrim,3,,1.5,,,,
,1ZV7855E0344832362,,ps4 pro 1tb battlefront,1,,6,,,,
,1ZV7855E0344831827,,ps4 pro 1tb battlefront,1,,6,,,,
,1zr346760310124362,,ps4 pro 1tb battlefront,1,,6,,,,
,,,ps4 vr gran turismo,1,,5,,,,
,,,ps4 skyrim,1,,1.5,,,,
,,,xbxone skyrim,3,,1.5,,,,
,1ZV7855E0344656062,,ps4 pro 1tb battlefront,1,,6,,,,
,1ZV7855E0344804348,,ps4 vr gran turismo,1,,5,,,,
,1ZV7855E0344814462,,ps4 vr gran turismo,1,,5,,,,
,1ZV7855E0344814355,,ps4 pro 1tb battlefront,1,,6,,,,
,1ZF7E6930310169525,,ps4 vr gran turismo,1,,5,,,,
,,,ps4 skyrim,1,,0.5,,,,
,,,xbxone skyrim,1,,0.5,,,,
,1ZV7855E0344814855,,ps4 vr gran turismo,1,,5,,,,
,1ZF664V50310156313,,ps4 vr gran turismo,1,,5,,,,
,,,ps4 skyrim,3,,1.5,,,,
,,,xbxone skyrim,3,,1.5,,,,
,1ZF7891X0310138537,,ps4 vr gran turismo,1,,5,,,,
,,,ps4 skyrim,3,,1.5,,,,
,1ZWF25470391586713,,ps4 pro 1tb battlefront,1,,6,,,,
,1ZV7855E0344884986,,ps4 skyrim,3,,1.5,,,,
,,,xbxone skyrim,3,,1.5,,,,
,1ZW494600360991014,,ps4 skyrim,1,,0.5,,,,
,,,xbxone skyrim,1,,0.5,,,,
,1ZV7855E0344884904,,ps4 skyrim,3,,1.5,,,,
,,,xbxone skyrim,3,,1.5,,,,
,1ZW494600361002330,,ps4 skyrim,1,,0.5,,,,
,,,xbxone skyrim,1,,0.5,,,,
,1ZV7855E0344653207,,ps4 pro 1tb battlefront,1,,6,,,,
,1ZV7855E0344873069,,ps4 pro 1tb battlefront,1,,6,,,,
,1ZV7855E0344815078,,ps4 vr gran turismo,1,,5,,,,
,1ZV7855E0344800100,,ps4 vr gran turismo,1,,5,,,,
,1ZV7855E0344652262,,ps4 pro 1tb battlefront,1,,6,,,,
,9611804202187303279572,,ps4 vr bundle,1,,5,,,,
,1ZV7855E0344808282,,ps4 pro 1tb battlefront,1,,6,,,,
,1ZV7855E0344813703,,ps4 pro 1tb battlefront,1,,6,,,,
,1ZV7855E0344813856,,ps4 pro 1tb battlefront,1,,6,,,,
,1ZV7855E0344814220,,ps4 pro 1tb battlefront,1,,6,,,,
,1ZF344930310129410,,ps4 pro 1tb battlefront,1,,6,,,,
,,,ps4 skyrim,3,,1.5,,,,
,,,xbxone skyrim,3,,1.5,,,,
,,,ps4 vr gran turismo,1,,5,,,,
,1Z377WA00308276940,,ps4 vr bundle,1,,5,,,,
,1Z9702YW0301379096,,ps4 vr bundle,1,,5,,,,
,1Z152R8F0310205227,,ps4 pro 1tb battlefront,1,,6,,,,
,,,ps4 skyrim,3,,1.5,,,,
,,,xbxone skyrim,3,,1.5,,,,
,,,ps4 vr gran turismo,1,,5,,,,
,1Z9702YW0301375161,,ps4 vr bundle,1,,5,,,,
,1ZV7855E0344810331,,ps4 vr gran turismo,1,,5,,,,
,1ZV7855E0344832728,,ps4 pro 1tb battlefront,1,,6,,,,
,1zf8068y0310145684,,ps4 vr gran turismo,1,,5,,,,
,,,ps4 pro 1tb battlefront,1,,6,,,,
,1ZY4V3860303223542,,ps4 vr bundle,1,,5,,,,
,1ZF52Y880310126829,,ps4 pro 1tb battlefront,1,,6,,,,
,,,ps4 vr bundle,1,,5,,,,
,,,ps4 skyrim,3,,1.5,,,,
,,,xbxone skyrim,3,,1.5,,,,
,1ZV7855E0344651610,,ps4 pro 1tb battlefront,1,,6,,,,
,1ZF772A50310135034,,ps4 pro 1tb battlefront,1,,6,,,,
,,,ps4 vr bundle,1,,5,,,,
,,,ps4 skyrim,3,,1.5,,,,
,,,xbxone skyrim,3,,1.5,,,,
,1ZE194580319264109,,ps4 disnety dics,3,,1.5,,,,
,,,xbxone diseny dics,3,,1.5,,,,
,1Z95548F1302883768,,bear dool,1,,,,,,
,9612804759330090730860,,swith legocity,2,,1,,,,
,9612804759330090731911,,swith legocity,1,,0.5,,,,
,9612804759330090730839,,swith legocity,1,,0.5,,,,
,9612804759330090730853,,swith legocity,2,,1,,,,
,1001910531960001970100563391756952,,ps4 vr bundle,1,,5,,,,
,420197019361289681090326271276,,ps4 vr bundle,1,,5,,,,
,1ZF64273YW10173883,,ps4 skyrim,3,,1.5,,,,
,,,xbxone skyrim,3,,1.5,,,,
,1ZF6Y063YW10140367,,ps4 skyrim,3,,1.5,,,,
,,,xbxone skyrim,3,,1.5,,,,
,420197019405511898666868318651,,swith legocity,2,,1,,,,
,420197019405511898666868274612,,swith legocity,2,,1,,,,
,420197019405511898666868564249,,swith legocity,2,,1,,,,
,420197019405511898666868345428,,swith legocity,2,,1,,,,
,420197019405511898666868342649,,swith legocity,2,,1,,,,
,420197019405511898666868342045,,swith legocity,2,,1,,,,
,420197019405511898666868310440,,swith legocity,2,,1,,,,
,420197019405511898666868318873,,swith legocity,2,,1,,,,
,420197019405511898666868159094,,swith legocity,2,,1,,,,
,9274899998160782743549,,swith legocity,2,,1,,,,
,420197019405511898666868436270,,swith legocity,2,,1,,,,
,420197019405511898666868851745,,swith legocity,2,,1,,,,
,420197019405511898666868856405,,swith legocity,2,,1,,,,
,420197019405511898666868419464,,swith legocity,2,,1,,,,
,420197019405511898666860246945,,swith legocity,2,,1,,,,
,420197019405511898666868331438,,swith legocity,2,,1,,,,
,420197019405511898666868413523,,swith legocity,2,,1,,,,
,420197019405511898666868495802,,swith legocity,2,,1,,,,
,420197019405511898666868372615,,swith legocity,2,,1,,,,
,420197019405511898666868214472,,swith legocity,2,,1,,,,
,420197019405511898666868512424,,swith legocity,2,,1,,,,
,420197019405511898666868486930,,swith legocity,2,,1,,,,
,420197019405511898666868372530,,swith legocity,2,,1,,,,
,420197019405511898666868436461,,swith legocity,2,,1,,,,
,420197019405511898666868437321,,swith legocity,1,,0.5,,,,
,420197019405511898666868345145,,swith legocity,2,,1,,,,
,420197019405511898666868101369,,swith legocity,2,,1,,,,
,420197019405511898666868286592,,swith legocity,2,,1,,,,
,420197019405511898666868342847,,swith legocity,2,,1,,,,
,420197019261299989064420163156,,estau laude cream,5,,5,,,,
,1001901731820001970100406088977128,,ps4 destiny white pro 1tb,1,,6,,,,
,1001901731820001970100406088977080,,ps4 destiny white pro 1tb,1,,6,,,,
,1001901731820001970100406088977172,,ps4 pro 1tb battlefront,2,,12,,,,
,1001901731820001970100406088977140,,ps4 destiny white pro 1tb,3,,18,,,,
,1001901731820001970100406088977194,,ps4 pro 1tb battlefront,3,,18,,,,
12/15,1Z0W37A80310353335,,ringdoor bell,1,,2.5,,,,
,1ZY4F8291301167264,,philip sonicare,1,,2.5,,,,
,1zy4f8290201150355,,philip sonicare,2,,5,,,,
,1ZY4F8290201154600,,philip sonicare,2,,5,,,,
,1ZV7855E0345008439,,xbxone skyrim,3,,1.5,,,,
,1ZV7855E1345070567,,ps4 skyrim,3,,1.5,,,,
,1ZRW82160310122433,,xbxone skyrim,3,,1.5,,,,
,,,ps4 skyrim,3,,1.5,,,,
,1Z9766AY0213526303,,ps4 disnety dics,3,,1.5,,,,
,,,xbxone diseny dics,3,,1.5,,,,
,1Z189W700201067200,amazon new,m705,1,,0.5,,,,
,1ZF29Y63YN10148226,,xbxone skyrim,3,,1.5,,,,
,1ZR343310310123470,,ps4 skyrim,3,,1.5,,,,
,,,xbxone skyrim,3,,1.5,,,,
,1ZF29Y63YN10148182,,ps4 skyrim,3,,1.5,,,,
,1ZF69V43YN10166279,,ps4 skyrim,1,,0.5,,,,
,1ZV7855E0345008224,,ps4 skyrim,2,,1,,,,
,1ZRV2478YW10124491,,xbxone skyrim,3,,1.5,,,,
,,,ps4 skyrim,3,,1.5,,,,
,1ZF69V43YW10166280,,ps4 skyrim,2,,1,,,,
,,,xbxone skyrim,3,,1.5,,,,
,1ZF7183Y0310278542,,ps4 skyrim,3,,1.5,,,,
,,,xbxone skyrim,3,,1.5,,,,
,1ZF6924YYW10146762,,ps4 skyrim,3,,1.5,,,,
,,,xbxone skyrim,3,,1.5,,,,
,1ZV7855E0345026482,,ps4 skyrim,3,,1.5,,,,
,,,xbxone skyrim,3,,1.5,,,,
,1ZV7855E0345008582,,ps4 skyrim,3,,1.5,,,,
,,,xbxone skyrim,3,,1.5,,,,
,1ZW494600361105541,,ps4 skyrim,3,,1.5,,,,
,,,xbxone skyrim,3,,1.5,,,,
,1ZF6899Y0310167605,,ps4 pro 1tb battlefront,1,,6,,,,
,,,ps4 skyrim,3,,1.5,,,,
,,,xbxone skyrim,3,,1.5,,,,
,1ZV7855E0344994401,,ps4 pro 1tb battlefront,1,,6,,,,
,1Z189W700300878316,amzon new,hp p270-014,1,,,,,,
,1zf34y731010138541,,ps4 skyrim,3,,1.5,,,,
,,,xbxone skyrim,3,,1.5,,,,
,1ZV7855E0345009278,,ps4 pro 1tb battlefront,1,,6,,,,
,1Z2FW1330349419499,amazon new,hp 17-bs049dx,2,,,,,,
,9612804759330090799362,,swith legocity,2,,1,,,,
,9612804759330090814928,,swith legocity,2,,1,,,,
,9612804759330090799737,,swith legocity,2,,1,,,,
,9612804759330090799416,,swith legocity,2,,1,,,,
,9612804759330090799706,,swith legocity,2,,1,,,,
,9612804759330090799324,,swith legocity,2,,1,,,,
,9612804759330090799393,,swith legocity,2,,1,,,,
,9612804759330090799331,,swith legocity,2,,1,,,,
,9612804759330090814942,,swith legocity,2,,1,,,,
,9612804759330090799263,,swith legocity,2,,1,,,,
,9612804759330090799867,,swith legocity,2,,1,,,,
,9612804759330090752725,,swith legocity,2,,1,,,,
,9612804759330090799805,,swith legocity,2,,1,,,,
,9612804759330090799379,,swith legocity,2,,1,,,,
,9622080430004035713700418708863308,,ps4 pro 1tb battlefront,2,,12,,,,
,9622080430004035713700418708863249,,ps4 pro 1tb battlefront,2,,12,,,,
,9622080430004035713700418708866888,,ps4 pro 1tb battlefront,2,,12,,,,
,9622080430004035713700419810890918,,ps4 pro 1tb battlefront,2,,12,,,,
,9622080430004035713700419810887028,,ps4 pro 1tb battlefront,2,,12,,,,
,9622080430004035713700419810886960,,ps4 pro 1tb battlefront,2,,12,,,,
,9622080430004035713700419810891156,,ps4 pro 1tb battlefront,2,,12,,,,
,9622080430004035713700419810890860,,ps4 pro 1tb battlefront,2,,12,,,,
,9622080430004035713700419810883401,,ps4 pro 1tb battlefront,2,,12,,,,
,9622080430004035713700418708866822,,ps4 pro 1tb battlefront,2,,12,,,,
,9622080430004035713700418708859728,,ps4 pro 1tb battlefront,2,,12,,,,
,9612804759330090799287,,swith legocity,2,,1,,,,
,9612804759330090799447,,swith legocity,2,,1,,,,
,9612804759330090799751,,swith legocity,2,,1,,,,
,9612804759330090802741,,swith legocity,2,,1,,,,
,9622080430005886150300788925954504,,swith legocity,2,,1,,,,
,420197019405511898666868353393,,swith legocity,2,,1,,,,
,420197019405511898666860352820,,swith legocity,1,,0.5,,,,
,420197019361289681090328118401,,ps4 dinsey dic,3,,1.5,,,,
,,,xbxone diseny dics,3,,1.5,,,,
,420197019405511898666868415138,,swith legocity,2,,1,,,,
,420197019405511898666860371333,,swith legocity,2,,1,,,,
,420197019405511898666868410928,,swith legocity,2,,1,,,,
,420197019405511898666868321774,,swith legocity,2,,1,,,,
,420197019405511898666868594970,,swith legocity,2,,1,,,,
,4201970192612999951944571225047503,,ps4 skyrim,3,,1.5,,,,
,,,xbxone skyrim,3,,1.5,,,,
,1ZF3Y343YW10160534,,ps4 skyrim,3,,1.5,,,,
,,,xbxone skyrim,3,,1.5,,,,
12/16,420197019405511898666860394868,,swith legocity,2,,1,,,,
,530175006001  order number,,swith legocity,2,,1,,,,
,420197019205599799706689080006,,ps4 skyrim,3,,1.5,,,,
,,,xbxone skyrim,3,,1.5,,,,
,420197019405511898666868419129,,swith legocity,2,,1,,,,
,420197019205599799658589081402,,xboxone forza horizon3,3,,1.5,,,,
,420197019200199799674834007338,,xboxone forza horizon3,3,,1.5,,,,
,420197019205599799669988987219,,ps4 skyrim,3,,1.5,,,,
,,,xbxone skyrim,3,,1.5,,,,
,420197019405511898666860238278,,swith legocity,1,,0.5,,,,
,92612999951945571138051382,,ps4 skyrim,3,,1.5,,,,
,,,xbxone skyrim,3,,1.5,,,,
,420197019405511898666860399085,,swith legocity,2,,1,,,,
,420197019361289681090329496645,,ps4 vr bundle,1,,5,,,,
,420197019274899998160782743501,,swith legocity,1,,0.5,,,,
,9622089590006116846800788892798877,,hp 15 ba015wm,5,,25,,,,
12/18,1ZF6733Y0310117319,,ps4 vr gran turismo,1,,0.5,,,,
,1ZRV9453YW10164238,889349671306,asus q504u,1,,6,,,,
,1ZV7855E1345137307,,ps4 pro 1tb battlefront,1,,6,,,,
,1Z1445731310111084,,ps4 vr gran turismo,1,,5,,,,
,1ZR2770X0310147389,,ps4 skyrim,3,,1.5,,,,
,,,xbxone skyrim,3,,1.5,,,,
,1ZF72Y600310116165,,ps4 skyrim,3,,1.5,,,,
,,,xbxone skyrim,3,,1.5,,,,
,1ZV7855E0345056173,,ps4 pro 1tb battlefront,1,,6,,,,
,1ZV7855E0345104601,,ps4 pro 1tb battlefront,1,,6,,,,
,1ZV7855E1345137414,,ps4 pro 1tb battlefront,1,,6,,,,
,1ZV7855E0345078686,,ps4 skyrim,3,,1.5,,,,
,1Z9F70A60316995890,,m705,7,,3.5,,,,
,1Z3004Y5YW59379242,,ipad mini,1,,5,,,,
,,,ps4 fractured,1,,0.5,,,,
,,,xbxone fractured,1,,0.5,,,,
,1ZR120760310122639,,ps4 skyrim,3,,1.5,,,,
,,,xbxone skyrim,3,,1.5,,,,
,1zf74w630310140894,,ps4 skyrim,3,,1.5,,,,
,,,xbxone skyrim,3,,1.5,,,,
,1ZF229V90310122282,,ps4 skyrim,3,,1.5,,,,
,,,xbxone skyrim,3,,1.5,,,,
,1ZF5Y4980310125838,,ps4 skyrim,3,,1.5,,,,
,,,xbxone skyrim,3,,1.5,,,,
,1ZR150080310125387,,ps4 skyrim,3,,1.5,,,,
,,,xbxone skyrim,3,,1.5,,,,
,1ZY4F8290201153834,,philip sonicare,1,,2.5,,,,
,1Z787Y880385491650,amazon open,ipad pro 128g 9.7,1,,,,,,
,1Z2FW1330349721876,amazon new,hp 270-p014,1,,,,,,
,1Z3Y55R24218782098,amazon new,hp 15 cc178cl,5,,,,,,
,1ZF20Y530310121861,,ps4 skyrim,3,,1.5,,,,
,,,xbxone skyrim,3,,1.5,,,,
,1Z377WE60367453829,amazon new,m705,18,,,,,,
,1Z3Y09F10316558926,amazon new,lg  29um59a,2,,,,,,
,1ZF743630310159742,,ps4 skyrim,3,,1.5,,,,
,,,xbxone skyrim,3,,1.5,,,,
,1Z2FX8250319802373,amazon new,m705,4,,,,,,
,1ZR2897XYW10155281,889349671306,asus q504u,1,,6,,,,
,1ZF29Y63YW10148782,889349671306,asus q504u,1,,6,,,,
,1Z4E1Y540354946962,,dyson small box,1,,,,,,
,1ZEA54610387889848,amzozn open ,lenovo 720 131kb,1,,20,,,,
,1Z9766AY0314023343,amazon new,m705,7,,3.5,,,,
,1Z2929AE0321965699,amazon open,acercb5-571-c4g4,1,screnn 坏了,20,,,,
,9612804759330090858052,,swith legocity,1,,0.5,,,,
,9612804759330090858045,,swith legocity,1,,0.5,,,,
,9622080430008709150000739843866650,,dyson v6,1,,5,,,,
,9622080430008709150000739843866661,,dyson v6,1,,5,,,,
,9622080430008709150000740094534123,,dyson v6,1,,5,,,,
,9622080430008709150000740094534134,,dyson v6,1,,5,,,,
,9622080430008709150000740094534101,,dyson v6,1,,5,,,,
,420197019200190135711561046133,,swith legocity,1,,0.5,,,,
,420197019205599799703289042229,,ps4 skyrim,3,,1.5,,,,
,,,xbxone skyrim,3,,1.5,,,,
,420197019205599799667589063868,,xbxone skyrim,3,,1.5,,,,
,420197019405511898666868979432,,swith legocity,2,,1,,,,
,420197019361289681090331338551,,ps4 vr bundle,1,,5,,,,
12/19,1Z97Y1701300162251,,ptd600,2,,,,,,
,1ZRY80950310102833,,ps4 vr gran turismo,1,,5,,,,
,1ZF5690Y0210102303,,ps4 vr gran turismo,1,,5,,,,
,1ZA1479Y0300006872,amazon open,lenovo 110-15acl,1,好了,20,好了,,,
,1ZF5690Y0210102349,,ps4 vr gran turismo,1,,5,,,,
,1Z4E1Y540365179986,,dyson v6 fluffy,1,,5,,,,
,1Z4E1Y540366332594,,dyson v6 fluffy,1,,5,,,,
,1ZV7855E0345138683,,ps4 pro 1tb battlefront,1,,6,,,,
,1Z0W37Y80301072938,amazon new,hp 270-p014,1,,,,,,
,1ZV7855E0345139422,,ps4 pro 1tb battlefront,1,,6,,,,
,9622089590001302053900419506994320,,dellxp15 9560,1,,6,,,,
,1Z3Y55R20318860915,amazon new,dell i3567-3636,1,,,,,,
,1ZRY80950310102851,,ps4 vr gran turismo,1,,5,,,,
,420197019205599799701989081418,,xboxone forza horizon3,3,,1.5,,,,
,420197019405511898666860486365,,swith legocity,2,,1,,,,
,,,,,,,,,,
12/20,1ZV7855E0345459569,,swith mario rabbis,2,,1,,,,
,1ZV7855E0345374221,889349671306,asus q504 ud,2,,12,,,,
,1ZV7855E0345399651,,swith mario rabbis,2,,1,,,,
,1ZV7855E0345439223,,swith mario rabbis,3,,1.5,,,,
,1ZV7855E0345458579,,swith mario rabbis,3,,1.5,,,,
,1ZA406960221502520,,xboxone forza horizon3,3,,1.5,,,,
,1ZA406960221532186,,xboxone forza horizon3,3,,1.5,,,,
,1ZV7855E0345372303,,swith mario rabbis,3,,1.5,,,,
,1ZA406960221499893,,xboxone forza horizon3,3,,1.5,,,,
,1ZV7855E0345455689,,swith mario rabbis,3,,1.5,,,,
,1ZE15W320350080256,,ps4 pro disnety white,1,,6,,,,
,1Z2FX6310302729217,amazon open,asus q304u,1,,,,,,
,1ZEA54610387961670,amzon new,ptd 600,1,,,,,,
,1Z0801EW0356737194,,glam glow set,1,,2,,,,
12/21,1Z787Y880385533079,amazon open,ptd 600,1,,,,,,
,1Z3Y55R24218981695,amazon new,dell  i3567-5664,4,,,,,,
,1ZV7855E0345695107,,lenovo yoga 720-131kb,1,,6,,,,
,1Z787Y880385539555,amazon open,xbxone 1tb blk,1,,,,,,
,1Z56649EP228989756,,origins  化品,1,,2,,,,
12/22,1Z5R74F10300292210,,dyson  v6 motorhead,1,,5,,,,
,1Z5R74F10300292390,,dyson  v6 motorhead,1,,5,,,,
,1Z5R74F10300292158,,dyson  v6 motorhead,1,,5,,,,
,1Z5R74F10300292265,,dyson  v6 motorhead,1,,5,,,,
,1Z5R74F10300292381,,dyson  v6 motorhead,1,,5,,,,
,1Z5R74F10300292247,,dyson  v6 motorhead,1,,5,,,,
,1Z5R74F10300292372,,dyson  v6 motorhead,1,,5,,,,
,1Z5R74F10300292201,,dyson  v6 motorhead,1,,5,,,,
,1Z5R74F10300292194,,dyson  v6 motorhead,1,,5,,,,
,1Z5R74F10300292176,,dyson  v6 motorhead,1,,5,,,,
,1Z5R74F10300292130,,dyson  v6 motorhead,1,,5,,,,
,1Z5R74F10300292363,,dyson  v6 motorhead,1,,5,,,,
,1Z5R74F10300292238,,dyson  v6 motorhead,1,,5,,,,
,1Z5R74F10300292087,,dyson  v6 motorhead,1,,5,,,,
,1Z5R74F10300292229,,dyson  v6 motorhead,1,,5,,,,
,1ZEA54610388018367,amazon new,lego 75184,1,,,,,,
,1Z933E6V0323371435,,ps4 call duty wwii 1tb,2,,10,,,,
,1ZW49460YN61823819,,xboxone forza horizon3,3,,1.5,,,,
,420197019405511898666866177595,,swith lego city,1,,0.5,,,,
,1ZW49460YN61823864,,xboxone forza horizon3,3,,1.5,,,,
,1Z9766AY0314134474,,ps4 disnety2 dics,3,,1.5,,,,
,,,xbxone disnety2 dics,3,,1.5,,,,
,1ZW49460YN61824372,,xboxone forza horizon3,3,,1.5,,,,
,1ZW49460YN61823837,,xboxone forza horizon3,3,,1.5,,,,
,420197019534610366117349055802,return new,philip sonicare,1,,,,,,
,420197019200190135711561564989,,swith lego city,2,,1,,,,
,1Z2FW1330350907860,amazon new,dell  i3567-5664,2,,,,,,
12/24,1ZW49460YN61823908,,xboxone forza horizon3,3,,1.5,,,,
,4201970192055901795908911569357773,,xboxone forza horizon3,3,,1.5,,,,
,4201970192055901795908918271224676,,xboxone forza horizon3,3,,1.5,,,,
,4201970192055901795908908680651118,,xboxone forza horizon3,3,,1.5,,,,
,4201970192055901795908918001653141,,xboxone forza horizon3,3,,1.5,,,,
,4201970192055901795908904918930956,,xboxone forza horizon3,3,,1.5,,,,
,1Z2929AE0321941802,amazon open,dell i5459-4020blk,1,,20,,,,
12/26,1ZA1479Y0300071891,amazon open,lenovo 110-151sk,1,,20,好了,,,
,1Z4E37X00305263312,,xboxone 1tb halo wars2,1,,5,,,,
,1Z2FX8990313403444,,xboxone 1tb halo wars2,1,,5,,,,
,1Z2FX8990313402936,,xboxone 1tb halo wars2,1,,5,,,,
,,,,,,,,,,
,,,,,,3781,,,,
,,,,,,7246.425,,,,
,,,,,,,,,,
,,,,,,11027.425,,,,